file,bytes_mb,width,height,megapixels,format,display_width,referenced_by_count,sha256_16,ai_generated,orphan,creator_TODO,source_url_TODO,license_TODO,status
AEC-Architecture/Planning/201-203_img/core_image.jpg,42.92,7950,11746,93.38,JPEG,60%,2,d439ee8410f485ee,,,,,,unreviewed
AEC-Architecture/MEP/101-102_img/101-4.png,9.49,2656,1600,4.25,PNG,66%,2,105808e667281ec6,,,,,,unreviewed
AEC-Architecture/Materials/assets/images/insulation_eps.png,8.89,2816,1536,4.33,PNG,70%,2,79d22e82351bdeeb,,,,,,unreviewed
AEC-Architecture/MEP/101-102_img/102-1-eng.png,8.87,2656,1600,4.25,PNG,66%,1,60f52a144b501959,,,,,,unreviewed
AEC-Architecture/MEP/201_img/globe.png,8.75,2816,1536,4.33,PNG,?,2,30733ad3c3aea3d0,,,,,,unreviewed
AEC-Architecture/MEP/201_img/gate.png,8.72,2816,1536,4.33,PNG,?,2,2688a2b87642ff5b,,,,,,unreviewed
AEC-Architecture/Materials/assets/images/insulation_rigid_polyurethane.png,8.68,2816,1536,4.33,PNG,70%,2,7db9a5e65d7ca0f5,,,,,,unreviewed
AEC-Architecture/MEP/201_img/check.png,8.56,2816,1536,4.33,PNG,?,2,b06a2fbb4b2f61ad,,,,,,unreviewed
AEC-Architecture/Materials/assets/images/finish_iso.png,8.17,2048,2048,4.19,PNG,80%,2,97a931c4a62a90ad,,,,,,unreviewed
AEC-Architecture/MEP/201_img/cock.png,8.13,2816,1536,4.33,PNG,?,2,05dc27feabaace5c,,,,,,unreviewed
AEC-Architecture/Materials/assets/images/insulation_glass_wool.png,7.95,2816,1536,4.33,PNG,70%,2,3b422f811339a806,,,,,,unreviewed
AEC-Architecture/Materials/assets/images/facade_iso_stone.png,7.87,2816,1536,4.33,PNG,100%,2,9346e8b72f6524bb,,,,,,unreviewed
AEC-Architecture/MEP/201_img/flush.png,7.85,2816,1536,4.33,PNG,?,2,4119e294c08646db,,,,,,unreviewed
AEC-Architecture/MEP/201_img/butterfly.png,7.85,2816,1536,4.33,PNG,?,2,ec56606eb8ea88e9,,,,,,unreviewed
AEC-Architecture/MEP/201_img/float.png,7.75,2816,1536,4.33,PNG,?,2,65fc423c0e3827c8,,,,,,unreviewed
AEC-Architecture/Materials/assets/images/facade_iso_brick.png,7.63,2816,1536,4.33,PNG,100%,2,bdcc2aae1ef65658,,,,,,unreviewed
AEC-Architecture/MEP/201_img/floor.png,7.39,2816,1536,4.33,PNG,?,2,4c42b5800ea0b169,,,,,,unreviewed
AEC-Architecture/MEP/201_img/Multi.png,7.38,2816,1536,4.33,PNG,?,2,252f8534553ca631,,,,,,unreviewed
AEC-Architecture/Materials/assets/images/insulation_pf_board.png,7.26,2816,1536,4.33,PNG,70%,2,ce1371beeb034e26,,,,,,unreviewed
AEC-Architecture/MEP/201_img/insulation.png,7.23,2816,1536,4.33,PNG,?,2,6fd404d6d68b1d6a,,,,,,unreviewed
AEC-Architecture/Construction/401_img/finishing_window_steps_02.png,7.20,1792,2400,4.30,PNG,80%,2,6e134a956f00d994,,,,,,unreviewed
AEC-Architecture/Construction/202_img/203_1.png,7.04,3488,1216,4.24,PNG,66%,2,23f5929dab852254,,,,,,unreviewed
AEC-Architecture/Planning/201-203_img/03_image1.png,7.04,2336,1824,4.26,PNG,70%,2,815ee137751fdbce,,,,,,unreviewed
AEC-Architecture/MEP/201_img/AHU.png,6.91,2816,1536,4.33,PNG,?,2,438b5de07377f09b,,,,,,unreviewed
AEC-Architecture/Materials/assets/images/facade_iso_glass.png,6.88,2816,1536,4.33,PNG,100%,2,f540a980ee1289bd,,,,,,unreviewed
AEC-Architecture/MEP/201_img/DD.png,6.84,2816,1536,4.33,PNG,?,2,22516dabce8a5538,,,,,,unreviewed
AEC-Architecture/Materials/assets/images/facade_iso_metal.png,6.61,2816,1536,4.33,PNG,100%,2,a8853cf1767f0bdc,,,,,,unreviewed
AEC-Architecture/MEP/201_img/induction.png,6.49,2816,1536,4.33,PNG,?,2,4919af6413233096,,,,,,unreviewed
AEC-Architecture/Structure/assets/images/material_thermal_response.png,6.44,2816,1536,4.33,PNG,60%,2,ff46f7e85c7e1fa1,,,,,,unreviewed
AEC-Architecture/Structure/assets/images/material_mep_integration.png,6.41,2816,1536,4.33,PNG,60%,2,bc9487c210f9daf1,,,,,,unreviewed
AEC-Architecture/MEP/201_img/RC.png,6.40,2816,1536,4.33,PNG,?,2,23fcefa037d7f187,,,,,,unreviewed
"AEC-Architecture/Construction/201_img/Generated Image February 09, 2026 - 1_53PM.jpeg",6.32,1056,1008,1.06,JPEG,66%,2,1253c11a032a0e45,YES,,,,,unreviewed
AEC-Architecture/MEP/201_img/FAU.png,6.31,2816,1536,4.33,PNG,?,2,53ecb8459c1331bb,,,,,,unreviewed
AEC-Architecture/MEP/201_img/CAV.png,6.05,2816,1536,4.33,PNG,?,2,474e7b531443d0be,,,,,,unreviewed
AEC-Architecture/Construction/401_img/finishing_uvalue_05.png,6.02,1792,2400,4.30,PNG,65%,2,78a4b4bc2d3df3b3,,,,,,unreviewed
AEC-Architecture/Planning/201-203_img/Evacuation.png,5.78,2912,1472,4.29,PNG,70%,1,4da79207c023bc56,,,,,,unreviewed
"AEC-Architecture/Construction/201_img/Generated Image February 09, 2026 - 1_29PM.jpeg",5.14,1488,720,1.07,JPEG,66%,2,a6acf1c074e2c7c9,YES,,,,,unreviewed
AEC-Architecture/MEP/201_img/VAV.png,4.71,2816,1536,4.33,PNG,?,2,da448a094edb4600,,,,,,unreviewed
"AEC-Architecture/Construction/201_img/Generated Image February 09, 2026 - 1_21PM.jpeg",3.82,1328,800,1.06,JPEG,66%,2,72003c8b11a0097e,YES,,,,,unreviewed
AEC-Architecture/MEP/101-102_img/102-1.png,3.16,1328,800,1.06,PNG,66%,1,0c6523b0c434282d,,,,,,unreviewed
"AEC-Architecture/Construction/201_img/Generated Image February 09, 2026 - 1_18PM.jpeg",3.10,1376,768,1.06,JPEG,66%,2,d61f953d2f9fa401,YES,,,,,unreviewed
AEC-Architecture/MEP/101-102_img/101-5.png,3.07,896,1200,1.08,PNG,—,0,46a8487324de95e3,,ORPHAN,,,,unreviewed
AEC-Architecture/Construction/202_img/203_2.png,3.01,1200,896,1.08,PNG,66%,2,68905e62438d1203,,,,,,unreviewed
AEC-Architecture/Construction/202_img/203_5.png,2.98,896,1200,1.08,PNG,50%,2,12d15584082fb305,,,,,,unreviewed
AEC-Architecture/Construction/202_img/203_4.png,2.73,1376,768,1.06,PNG,66%,2,8f8caf583bcba259,,,,,,unreviewed
AEC-Architecture/Construction/401_img/finishing_window_detail_04.png,2.70,1817,1168,2.12,PNG,70%,2,a4b39859a867e1f7,,,,,,unreviewed
AEC-Architecture/Planning/201-203_img/Circulation plan2.jpg,2.69,5546,4350,24.13,JPEG,70%,1,09b1ad319e8c2dec,,,,,,unreviewed
AEC-Architecture/Planning/201-203_img/flow.jpg,2.69,5546,4350,24.13,JPEG,70%,1,c1034fe6871074a4,,,,,,unreviewed
AEC-Architecture/Construction/202_img/203_3.png,2.68,1056,1008,1.06,PNG,50%,2,27c8b0c4623c9918,,,,,,unreviewed
AEC-Architecture/Construction/301-302_img/wood.png,2.68,1024,1187,1.22,PNG,?,2,99b5cb4ab6d5e538,,,,,,unreviewed
AEC-Architecture/Construction/401_img/finishing_waterproofing_03.png,2.58,1536,1024,1.57,PNG,50%,2,b079518466ce51ee,,,,,,unreviewed
AEC-Architecture/Construction/301-302_img/steel.png,2.55,1024,1174,1.20,PNG,?,2,7e4b73c557b7dc5d,,,,,,unreviewed
AEC-Architecture/Regulation/assets/images/04-1_ENG.jpg,2.52,3543,3543,12.55,JPEG,600,1,922fe2ed1fb24152,,,,,,unreviewed
AEC-Architecture/Construction/301-302_img/BAR.png,2.49,1024,1536,1.57,PNG,?,2,ade868368a9e4ff1,,,,,,unreviewed
AEC-Architecture/Regulation/assets/images/04-1.jpg,2.44,3543,3543,12.55,JPEG,600,1,9fb4c0f045a027fb,,,,,,unreviewed
AEC-Architecture/Planning/201-203_img/01_image1.jpg,2.44,3899,5646,22.01,JPEG,?,2,c05274e3d0bed99e,,,,,,unreviewed
AEC-Architecture/Planning/201-203_img/SpaceComposition.jpg,2.43,3543,3543,12.55,JPEG,600,1,d8d667c8f30517ae,,,,,,unreviewed
AEC-Architecture/Planning/201-203_img/01_image2.jpg,2.42,3000,4000,12.00,JPEG,?,2,d2e4c9a62c351ef7,,,,,,unreviewed
AEC-Architecture/Planning/201-203_img/Basic unit of space.jpg,2.41,3543,3543,12.55,JPEG,600,1,42c08afc9f6f5870,,,,,,unreviewed
AEC-Architecture/Regulation/assets/images/Regulation Intro Image_ENG.jpg,2.41,3543,3543,12.55,JPEG,600,1,3486a58501a5a8f0,,,,,,unreviewed
AEC-Architecture/Planning/201-203_img/Circulation plan.jpg,2.40,3543,3543,12.55,JPEG,600,1,c4e3d7287bc11faf,,,,,,unreviewed
AEC-Architecture/Planning/201-203_img/FlowPlan.jpg,2.40,3543,3543,12.55,JPEG,600,1,d5a29f2043f57067,,,,,,unreviewed
AEC-Architecture/Planning/201-203_img/FloorPlan.jpg,2.40,3543,3543,12.55,JPEG,600,1,1aefd0540f76d1f2,,,,,,unreviewed
AEC-Architecture/Regulation/assets/images/Regulation Intro Image.jpg,2.40,3543,3543,12.55,JPEG,600,1,17f26d41c44db076,,,,,,unreviewed
AEC-Architecture/Planning/201-203_img/plan.jpg,2.40,3543,3543,12.55,JPEG,600,1,c898bb06a09b4847,,,,,,unreviewed
AEC-Architecture/Regulation/assets/images/04-3.jpg,2.32,3543,3543,12.55,JPEG,—,0,5face2a959434bde,,ORPHAN,,,,unreviewed
AEC-Architecture/Construction/301-302_img/Masonry.png,2.28,1024,1067,1.09,PNG,?,2,6fc6840d90ca9cb2,,,,,,unreviewed
AEC-Architecture/MEP/101-102_img/101-3.png,2.20,1024,1024,1.05,PNG,40%,2,d6b118a73556f3b1,,,,,,unreviewed
AEC-Architecture/Regulation/assets/images/03-3_ENG.jpg,2.20,3543,3543,12.55,JPEG,600,1,76a2c29562b69c18,,,,,,unreviewed
AEC-Architecture/Regulation/assets/images/5-0_ENG.jpg,2.19,3543,3543,12.55,JPEG,600,1,6bca2c6b290d863b,,,,,,unreviewed
AEC-Architecture/Regulation/assets/images/03-2_ENG.jpg,2.19,3543,3543,12.55,JPEG,600,1,d40d382b1ee61b22,,,,,,unreviewed
AEC-Architecture/Regulation/assets/images/03-3.jpg,2.15,3543,3543,12.55,JPEG,600,1,db0e86617a8a27b6,,,,,,unreviewed
AEC-Architecture/Regulation/assets/images/03-2.jpg,2.14,3543,3543,12.55,JPEG,600,1,699939ea4362fa4e,,,,,,unreviewed
AEC-Architecture/Regulation/assets/images/5-0.jpg,2.13,3543,3543,12.55,JPEG,600,1,566f859336aa14df,,,,,,unreviewed
AEC-Architecture/Regulation/assets/images/5-2_ENG.jpg,2.11,3543,3543,12.55,JPEG,600,1,f6523cef905bfa10,,,,,,unreviewed
AEC-Architecture/Construction/301-302_img/formwork.png,2.04,1024,1536,1.57,PNG,?,2,06d212bd1c3cc629,,,,,,unreviewed
AEC-Architecture/Regulation/assets/images/04-2_ENG.jpg,2.02,3543,3543,12.55,JPEG,600,1,2044e61084771571,,,,,,unreviewed
AEC-Architecture/Regulation/assets/images/5-2.jpg,2.01,3543,3543,12.55,JPEG,600,1,54b5303679d69d9c,,,,,,unreviewed
AEC-Architecture/Regulation/assets/images/04-2.jpg,1.96,3543,3543,12.55,JPEG,600,1,fd1723326875261d,,,,,,unreviewed
AEC-Architecture/Planning/101-103_img/modulor.png,1.69,1024,1536,1.57,PNG,?,2,142686ea97cb0e5e,,,,,,unreviewed
AEC-Architecture/MEP/201_img/bridge.png,1.69,1486,888,1.32,PNG,?,2,86995ab5533765d3,,,,,,unreviewed
"AEC-Architecture/Construction/201_img/Generated Image February 09, 2026 - 1_09PM.jpeg",1.67,1376,768,1.06,JPEG,66%,2,ab596fd4410db531,YES,,,,,unreviewed
AEC-Architecture/Planning/101-103_img/core2.png,1.46,1536,911,1.40,PNG,?,2,58d8911e356df633,,,,,,unreviewed
"AEC-Architecture/Construction/201_img/Generated Image February 09, 2026 - 1_07PM.jpeg",1.45,1200,896,1.08,JPEG,66%,2,6349e98a13e4af8d,YES,,,,,unreviewed
AEC-Architecture/Planning/201-203_img/Corridor_image.jpg,1.38,4000,6000,24.00,JPEG,50%,2,879b13f01c34d5f5,,,,,,unreviewed
AEC-Architecture/Construction/202_img/5.jpeg,1.35,1024,1024,1.05,JPEG,66%,2,87b9870a66b680e6,,,,,,unreviewed
AEC-Architecture/MEP/101-102_img/102-2.png,1.35,1472,704,1.04,PNG,66%,1,f9f74df0eef9ee48,,,,,,unreviewed
AEC-Architecture/MEP/101-102_img/101-2.png,1.32,1024,1024,1.05,PNG,40%,2,11ffbba987ca53f1,,,,,,unreviewed
"AEC-Architecture/Construction/201_img/Generated Image February 09, 2026 - 1_02PM.jpeg",1.25,1264,848,1.07,JPEG,66%,2,4cc294c478d49e81,YES,,,,,unreviewed
"AEC-Architecture/Construction/201_img/Generated Image February 09, 2026 - 4_43PM.jpeg",1.20,1376,768,1.06,JPEG,66%,2,1013df98947259cb,YES,,,,,unreviewed
AEC-Architecture/Construction/301-302_img/conc.png,1.17,1024,569,0.58,PNG,?,2,561f49155068e295,,,,,,unreviewed
AEC-Architecture/Planning/201-203_img/Lowlevel.jpg,1.16,6000,4000,24.00,JPEG,90%,2,4ac3a9461af0a738,,,,,,unreviewed
AEC-Architecture/Construction/202_img/3.jpeg,1.14,1376,768,1.06,JPEG,66%,2,f7c1482d08fb5055,,,,,,unreviewed
AEC-Architecture/Planning/201-203_img/Room_image.jpg,1.09,5616,3748,21.05,JPEG,50%,2,cb13e2cad1096bd3,,,,,,unreviewed
AEC-Architecture/MEP/101-102_img/101-1.png,1.03,1424,752,1.07,PNG,66%,2,f41703fda12f0165,,,,,,unreviewed
"AEC-Architecture/Construction/201_img/Generated Image February 09, 2026 - 2_25PM.jpeg",0.99,1296,816,1.06,JPEG,66%,2,0f09c260a1b9b53f,YES,,,,,unreviewed
AEC-Architecture/Construction/202_img/1.jpeg,0.98,1296,816,1.06,JPEG,66%,2,bae891f0b924ba27,,,,,,unreviewed
AEC-Architecture/Construction/202_img/4.jpeg,0.98,1200,896,1.08,JPEG,66%,2,50918de271e02f0c,,,,,,unreviewed
"AEC-Architecture/Construction/201_img/Generated Image February 09, 2026 - 2_10PM.jpeg",0.91,1376,768,1.06,JPEG,66%,2,7af3870ac5c1f81f,YES,,,,,unreviewed
AEC-Architecture/Planning/201-203_img/02_plan.png,0.90,1239,1126,1.40,PNG,70%,4,d5e379719373ff0a,,,,,,unreviewed
AEC-Architecture/Planning/101-103_img/core.png,0.81,1376,804,1.11,PNG,?,2,1829a4bb1c416e72,,,,,,unreviewed
AEC-Architecture/Construction/01_img/FAR.png,0.77,1536,703,1.08,PNG,?,2,35cc193cca3c4b39,,,,,,unreviewed
"AEC-Architecture/Construction/201_img/Generated Image February 09, 2026 - 2_06PM.jpeg",0.67,1056,1008,1.06,JPEG,66%,2,e734370bfb9039ad,YES,,,,,unreviewed
AEC-Architecture/Construction/401_img/finishing_window_detail_01.png,0.66,627,703,0.44,PNG,90%,2,f1260966d4cdebf3,,,,,,unreviewed
AEC-Architecture/Construction/202_img/2.jpeg,0.65,1200,896,1.08,JPEG,66%,2,12de7046b37687a8,,,,,,unreviewed
AEC-Architecture/Structure/assets/images/data_dynamic_grid.png,0.62,2251,2251,5.07,PNG,100%,2,9c267ebe37e54e89,,,,,,unreviewed
"AEC-Architecture/Construction/201_img/Generated Image February 09, 2026 - 12_50PM.jpeg",0.53,1456,736,1.07,JPEG,66%,2,885de107b832516e,YES,,,,,unreviewed
AEC-Architecture/Construction/01_img/line.png,0.52,1337,1024,1.37,PNG,?,2,86ee30757e15a867,,,,,,unreviewed
AEC-Architecture/Construction/01_img/BCR.png,0.52,1226,713,0.87,PNG,?,2,0a9b6b9682c48f08,,,,,,unreviewed
AEC-Architecture/Construction/01_img/brighton.jpg,0.51,1280,1280,1.64,JPEG,?,2,b1ee792001a5ee27,,,,,,unreviewed
AEC-Architecture/Construction/01_img/gothic.png,0.51,1536,1024,1.57,PNG,?,2,d0be3608e89a1a97,,,,,,unreviewed
AEC-Architecture/Construction/01_img/florence-cathedral.jpg,0.50,1280,960,1.23,JPEG,?,2,2398ecb62425f8a1,,,,,,unreviewed
AEC-Architecture/Construction/01_img/rococo.jpg,0.48,1280,960,1.23,JPEG,?,2,61ad4fc728c2a24b,,,,,,unreviewed
AEC-Architecture/Planning/201-203_img/Highlevel.jpg,0.48,1280,950,1.22,JPEG,90%,2,77c41034c950239c,,,,,,unreviewed
AEC-Architecture/Structure/assets/images/data_static_zone.png,0.47,2251,2251,5.07,PNG,100%,2,eff98ff0b3eef833,,,,,,unreviewed
AEC-Architecture/Planning/201-203_img/Circulation plan4.png,0.45,1412,690,0.97,PNG,70%,2,23bd6ed36bc29000,,,,,,unreviewed
AEC-Architecture/Planning/201-203_img/Circulation plan0.png,0.45,747,386,0.29,PNG,—,0,a0cd018f6c0d1792,,ORPHAN,,,,unreviewed
AEC-Architecture/Construction/01_img/baroque.jpg,0.41,1280,853,1.09,JPEG,?,2,bbb55bd123d6c2ac,,,,,,unreviewed
AEC-Architecture/MEP/101-102_img/102-2-eng.png,0.40,1024,484,0.50,PNG,66%,1,e6a9e95164e621f8,,,,,,unreviewed
AEC-Architecture/Planning/201-203_img/Circulation plan1.png,0.39,818,815,0.67,PNG,—,0,a4148bf5660f6044,,ORPHAN,,,,unreviewed
AEC-Architecture/Planning/101-103_img/Corbusier Modulor color..jpg,0.36,908,1000,0.91,JPEG,?,2,4b655405078ae6dd,,,,,,unreviewed
AEC-Architecture/Construction/01_img/the-white-house.jpg,0.36,1280,853,1.09,JPEG,?,2,cec0af744775144e,,,,,,unreviewed
AEC-Architecture/Construction/01_img/greece.jpg,0.35,1280,852,1.09,JPEG,?,2,ec4c8ae27bdc4601,,,,,,unreviewed
AEC-Architecture/Construction/01_img/mass.png,0.35,1536,1024,1.57,PNG,?,2,7484353510011da3,,,,,,unreviewed
AEC-Architecture/Construction/01_img/order.png,0.34,1536,1024,1.57,PNG,?,2,1a6e217f01fe2b21,,,,,,unreviewed
AEC-Architecture/Planning/101-103_img/first-floor-plan.jpg,0.33,1415,1000,1.42,JPEG,?,2,2de36f98f9c5e63e,,,,,,unreviewed
AEC-Architecture/Construction/01_img/pantheon.jpg,0.31,1280,853,1.09,JPEG,?,2,3d253dffb474c4f9,,,,,,unreviewed
AEC-Architecture/Construction/01_img/big-ben.jpg,0.30,1280,853,1.09,JPEG,?,2,cc512f582448386b,,,,,,unreviewed
AEC-Architecture/Construction/01_img/zigg-pyr.png,0.28,1536,568,0.87,PNG,?,2,91b0bc918cffec55,,,,,,unreviewed
AEC-Architecture/Planning/101-103_img/site-plan.jpg,0.27,1415,1000,1.42,JPEG,?,2,6434bf80968488c5,,,,,,unreviewed
AEC-Architecture/Planning/101-103_img/section.jpg,0.26,1415,1000,1.42,JPEG,?,2,fb7692f13205add3,,,,,,unreviewed
AEC-Architecture/Structure/assets/images/sim_open_field.png,0.25,2251,2251,5.07,PNG,100%,2,d2e1fc4a5d7735ab,,,,,,unreviewed
AEC-Architecture/Planning/201-203_img/Circulation plan3.png,0.24,1582,1053,1.67,PNG,70%,1,bff34dba678df58d,,,,,,unreviewed
AEC-Architecture/Construction/01_img/ratincross.png,0.23,1536,1024,1.57,PNG,?,2,c45ac1d526e6c98a,,,,,,unreviewed
AEC-Architecture/Planning/101-103_img/front-elevation.jpg,0.22,1415,1000,1.42,JPEG,?,2,12fde7d72bf3ace9,,,,,,unreviewed
AEC-Architecture/Planning/101-103_img/schedule.png.jpg,0.22,1024,718,0.74,JPEG,?,2,23adc002e75aa766,,,,,,unreviewed
AEC-Architecture/Structure/assets/images/material_concept_compare.png,0.18,1024,559,0.57,JPEG,60%,2,e2c7a6958c7af26e,,,,,,unreviewed
AEC-Architecture/Structure/assets/images/structure_rahmen_iso.png,0.18,2251,2250,5.06,PNG,100%,2,1dc5ab053739135b,,,,,,unreviewed
AEC-Architecture/Construction/01_img/line2.png,0.17,1536,1024,1.57,PNG,?,2,a4928a793bebadb2,,,,,,unreviewed
AEC-Architecture/Structure/assets/images/sim_closed_boundary.png,0.17,2251,2251,5.07,PNG,100%,2,e956309c11797692,,,,,,unreviewed
AEC-Architecture/Construction/01_img/PENDENTIVE.png,0.17,1536,1024,1.57,PNG,?,2,b0f4d50df1723a89,,,,,,unreviewed
AEC-Architecture/Planning/101-103_img/detail.jpg,0.15,800,1515,1.21,JPEG,?,2,e80bbe6d2f510026,,,,,,unreviewed
AEC-Architecture/Construction/01_img/basilica.png,0.14,1024,1536,1.57,PNG,?,2,01baac27d7510678,,,,,,unreviewed
AEC-Architecture/Structure/assets/images/structure_wall_iso.png,0.12,2251,2250,5.06,PNG,100%,2,8eeffda808dcc66e,,,,,,unreviewed
AEC-Architecture/Planning/101-103_img/bubble.jpg,0.12,1440,1558,2.24,JPEG,?,2,82e9ca9db9245797,,,,,,unreviewed
AEC-Architecture/Construction/301-302_img/methodeng.png,0.10,1646,855,1.41,PNG,?,1,59d185f168f81ac5,,,,,,unreviewed
AEC-Architecture/MEP/201_img/vent.jpg,0.08,760,549,0.42,JPEG,?,2,aec3637cdf37d442,,,,,,unreviewed
AEC-Architecture/Planning/201-203_img/02_plan1.png,0.08,423,286,0.12,PNG,70%,1,6f6997001693e3d0,,,,,,unreviewed
AEC-Architecture/MEP/201_img/air system.png,0.06,1119,722,0.81,PNG,?,2,561ab8cd61f6a718,,,,,,unreviewed
AEC-Architecture/Planning/101-103_img/department.png,0.06,1137,482,0.55,PNG,?,2,7acd2e85edc8ca0c,,,,,,unreviewed
AEC-Architecture/Construction/301-302_img/method.png,0.05,1522,785,1.19,PNG,?,1,52c50270fc40f94f,,,,,,unreviewed
AEC-Architecture/Planning/101-103_img/apartment2.png,0.05,1600,1000,1.60,PNG,?,2,d6a833f3a45e0d11,,,,,,unreviewed
AEC-Architecture/Planning/101-103_img/theater.png,0.05,1563,543,0.85,PNG,?,2,316cb95104290871,,,,,,unreviewed
AEC-Architecture/Structure/assets/images/structure.png,0.04,974,555,0.54,PNG,80%,2,69150e67870d5f93,,,,,,unreviewed
AEC-Architecture/Planning/101-103_img/ligh3.png,0.04,1000,1000,1.00,PNG,?,2,803c257aee7eb96c,,,,,,unreviewed
AEC-Architecture/Planning/101-103_img/apartment.png,0.04,1600,1000,1.60,PNG,?,2,4c5f0866426c9bbe,,,,,,unreviewed
AEC-Architecture/Planning/101-103_img/hospital.png,0.03,1184,622,0.74,PNG,?,2,348f9e7afa7f8cd6,,,,,,unreviewed
AEC-Architecture/Structure/assets/images/column_diagram.png,0.03,952,539,0.51,PNG,80%,2,5145766446cebb5c,,,,,,unreviewed
AEC-Architecture/Structure/assets/images/slab_diagram.png,0.03,996,524,0.52,PNG,80%,2,14cac8bc7fe35c52,,,,,,unreviewed
AEC-Architecture/Planning/101-103_img/ligh4.png,0.03,1000,1000,1.00,PNG,?,2,172ba250d2750cb0,,,,,,unreviewed
AEC-Architecture/Structure/assets/images/beam_diagram.png,0.03,958,537,0.51,PNG,80%,2,8368fcf0a0978749,,,,,,unreviewed
AEC-Architecture/Planning/101-103_img/light2.png,0.03,1000,1000,1.00,PNG,?,2,12322be06e63bcdb,,,,,,unreviewed
AEC-Architecture/Planning/101-103_img/ligh5.png,0.03,1000,1000,1.00,PNG,?,2,27b845628fe9f032,,,,,,unreviewed
AEC-Architecture/Planning/101-103_img/house.png,0.02,1600,436,0.70,PNG,?,2,70303511feec9535,,,,,,unreviewed
AEC-Architecture/Planning/101-103_img/light1.png,0.02,1000,1000,1.00,PNG,?,2,6e33a81c2f880320,,,,,,unreviewed
AEC-Architecture/Planning/101-103_img/museum2.png,0.02,1549,553,0.86,PNG,?,2,ccda1b14ec002343,,,,,,unreviewed
AEC-Architecture/Planning/101-103_img/factory2.png,0.02,1246,391,0.49,PNG,?,2,dfa5cf5dc898657f,,,,,,unreviewed
AEC-Architecture/Planning/101-103_img/museum.png,0.02,1600,665,1.06,PNG,?,2,e7a66983bf5874ff,,,,,,unreviewed
AEC-Architecture/Planning/101-103_img/factory.png,0.02,1348,479,0.65,PNG,?,2,c6bab0547be6c75a,,,,,,unreviewed
AEC-Architecture/Planning/101-103_img/school.png,0.02,1489,642,0.96,PNG,?,2,6cb3e0a708569edd,,,,,,unreviewed
AEC-Architecture/Planning/101-103_img/office.png,0.01,982,491,0.48,PNG,?,2,f404e1232681a612,,,,,,unreviewed
